rank,name,series,kakera
1,Zero Two,DARLING in the FRANXX,1161
1,Hatsune Miku,VOCALOID,1132
3,Rem,Re:Zero kara Hajimeru Isekai Seikatsu,1143
4,Rias Gremory,High School DxD,1099
5,Megumin,Kono Subarashii Sekai ni Shukufuku wo!,1120
6,Saber,Fate/stay night,1083
7,Mai Sakurajima,Seishun Buta Yarou,1039
8,Nami,One Piece,1094
9,Power,Chainsaw Man,1063
10,Satoru Gojo,Jujutsu Kaisen,1099
11,Albedo,Overlord,1013
12,Asuna,Sword Art Online,1068
13,2B,NieR: Automata,967
14,Makima,Chainsaw Man,1004
15,Mikasa Ackerman,Attack on Titan,1021
16,Nezuko Kamado,Kimetsu no Yaiba,1021
17,Nico Robin,One Piece,975
18,Miku Nakano,5-toubun no Hanayome,963
19,Kirby,Kirby's Dream Land,859
20,Violet Evergarden,Violet Evergarden,930
21,Emilia,Re:Zero kara Hajimeru Isekai Seikatsu,956
22,Hange Zoë,Attack on Titan,803
23,Aqua,Kono Subarashii Sekai ni Shukufuku wo!,956
24,Shinobu Kochou,Kimetsu no Yaiba,920
25,Akame,Akame ga Kill!,920
26,Marin Kitagawa,Sono Bisque Doll wa Koi wo Suru,853
27,Monkey D. Luffy,One Piece,996
28,Ram,Re:Zero kara Hajimeru Isekai Seikatsu,963
29,Nino Nakano,5-toubun no Hanayome,837
30,Rin Tohsaka,Fate/stay night,923
31,Yumeko Jabami,Kakegurui,877
32,Esdeath,Akame ga Kill!,884
33,Himiko Toga,Boku no Hero Academia,865
34,Akeno Himejima,High School DxD,826
35,Kaguya Shinomiya,Kaguya-sama wa Kokurasetai,813
36,Yor Forger,SPY×FAMILY,872
37,Chika Fujiwara,Kaguya-sama wa Kokurasetai,826
38,Roronoa Zoro,One Piece,920
39,Frieren,Sousou no Frieren,779
40,Kurumi Tokisaki,Date A Live,779
41,Rei Ayanami,Neon Genesis Evangelion,765
42,Asuka Langley Souryuu,Neon Genesis Evangelion,692
43,Erza Scarlet,Fairy Tail,786
44,Hinata Hyuuga,Naruto,820
45,Nobara Kugisaki,Jujutsu Kaisen,752
46,Mitsuri Kanroji,Kimetsu no Yaiba,741
47,Bongo Cat,Internet Cats,650
48,Komi Shouko,"Komi-san wa, Comyushou desu.",727
49,Levi,Attack on Titan,871
50,Yamato,One Piece,589
51,Sukuna,Jujutsu Kaisen,848
52,Ai Hoshino,【OSHI NO KO】,605
53,Maki Zenin,Jujutsu Kaisen,729
54,Darkness,Kono Subarashii Sekai ni Shukufuku wo!,756
55,Shiro,No Game No Life,798
56,Gawr Gura,hololive,708
57,Boa Hancock,One Piece,684
58,Ai Hayasaka,Kaguya-sama wa Kokurasetai,658
59,Reze,Chainsaw Man,682
60,C.C.,Code Geass: Hangyaku no Lelouch,690
61,Tohru,Kobayashi-san Chi no Maid Dragon,692
62,Sinon,Sword Art Online,706
63,Neferpitou,Hunter × Hunter,517
64,Yuji Itadori,Jujutsu Kaisen,769
65,Raphtalia,Tate no Yuusha no Nariagari,720
66,Eren Jaeger,Attack on Titan,788
67,Kurisu Makise,Steins;Gate,662
68,Ochako Uraraka,Boku no Hero Academia,670
69,Truck-kun,🤔,552
70,Sanji,One Piece,772
71,Chiaki Nanami,Danganronpa 2: Goodbye Despair,653
72,Jinx,League of Legends,635
73,Rikka Takanashi,Chuunibyou demo Koi ga Shitai!,609
74,Nyan Cat,Internet Cats,409
75,Lucy Heartfilia,Fairy Tail,616
76,Killua Zoldyck,Hunter × Hunter,763
77,Itsuki Nakano,5-toubun no Hanayome,641
78,Misa Amane,Death Note,633
79,Tatsumaki,One Punch Man,622
80,Ryuuko Matoi,Kill la Kill,618
81,Yotsuba Nakano,5-toubun no Hanayome,570
82,Kanna Kamui,Kobayashi-san Chi no Maid Dragon,650
83,Mirko,Boku no Hero Academia,581
84,Yoruichi Shihōin,BLEACH,607
85,Jolyne Cujoh,JoJo's Bizarre Adventure: Stone Ocean,627
86,Joker,Persona 5,684
87,Venom,Marvel,452
88,Rukia Kuchiki,BLEACH,591
89,Megumi Fushiguro,Jujutsu Kaisen,667
90,Fubuki,One Punch Man,587
91,Naruto Uzumaki,Naruto,783
92,Lucy,Cyberpunk: Edgerunners,538
93,Son Goku,Dragon Ball,769
94,Nagatoro-san,"Ijiranaide, Nagatoro-san",565
95,Kyouko Hori,Hori-san to Miyamura-kun,629
96,Denji,Chainsaw Man,708
97,Crona,Soul Eater,466
98,Ken Kaneki,Tokyo Ghoul,708
99,Touka Kirishima,Tokyo Ghoul,558
100,Artoria Pendragon (Alter),Fate/stay night,462
101,Annie Leonhart,Attack on Titan,494
102,Katsuki Bakugou,Boku no Hero Academia,669
103,Osamu Dazai,Bungou Stray Dogs,664
104,Toji Fushiguro,Jujutsu Kaisen,630
105,Misato Katsuragi,Neon Genesis Evangelion,506
106,L,Death Note,721
107,Ada Wong,Resident Evil 2,455
108,Kento Nanami,Jujutsu Kaisen,599
109,Hitori Gotou,Bocchi the Rock!,520
110,Suguru Geto,Jujutsu Kaisen,603
111,Chizuru Ichinose,"Kanojo, Okarishimasu",549
112,Tanjirou Kamado,Kimetsu no Yaiba,674
113,Guts,Berserk,656
114,Dio Brando,JoJo's Bizarre Adventure: Phantom Blood,703
115,Echidna,Re:Zero kara Hajimeru Isekai Seikatsu,557
116,Junko Enoshima,Danganronpa: Trigger Happy Havoc,528
117,Tsuyu Asui,Boku no Hero Academia,529
118,Leon S. Kennedy,Resident Evil 2,527
119,Shouko Nishimiya,Koe no Katachi,522
120,Taiga Aisaka,Toradora!,536
121,Sasha Braus,Attack on Titan,523
122,Kobeni Higashiyama,Chainsaw Man,474
123,Anya Forger,SPY×FAMILY,542
124,Ichika Nakano,5-toubun no Hanayome,493
125,Yuno Gasai,Mirai Nikki,559
126,BMO,Adventure Time,375
127,Kanao Tsuyuri,Kimetsu no Yaiba,467
128,Tsunade,Naruto,559
129,Futaba Sakura,Persona 5,500
130,Kyoko Kirigiri,Danganronpa: Trigger Happy Havoc,533
131,Lucoa,Kobayashi-san Chi no Maid Dragon,512
132,Godzilla,Godzilla,372
133,Shoto Todoroki,Boku no Hero Academia,626
134,Hu Tao,Genshin Impact,661
135,Shinobu Oshino,Monogatari,514
136,Usagi Tsukino,Pretty Soldier Sailor Moon,453
137,A2,NieR: Automata,417
138,Jotaro Kujo,JoJo's Bizarre Adventure: Stardust Crusaders,644
139,Asuka Langley Shikinami,Rebuild of Evangelion,266
140,Izuku Midoriya,Boku no Hero Academia,630
141,Hestia,Dungeon ni Deai wo Motomeru no wa Machigatteiru Darou ka,551
142,Roxy Migurdia,Mushoku Tensei,479
143,Momo Yaoyorozu,Boku no Hero Academia,484
144,Kaori Miyazono,Shigatsu wa Kimi no Uso,474
145,Himeno,Chainsaw Man,440
146,Jeanne d'Arc,Fate/Apocrypha,443
147,Ishtar,Fate/Grand Order,462
148,Kyoujurou Rengoku,Kimetsu no Yaiba,533
149,Sasuke Uchiha,Naruto,620
150,Ai Ohto,Wonder Egg Priority,425
151,Cynthia,Pokémon Diamond/Pearl/Platinum,466
152,Aki Hayakawa,Chainsaw Man,491
153,Astolfo,Fate/Apocrypha,605
154,Giyuu Tomioka,Kimetsu no Yaiba,564
155,Tifa Lockhart,Final Fantasy VII,453
156,Madoka Kaname,Mahou Shoujo Madoka☆Magica,487
157,Orihime Inoue,BLEACH,429
158,Sung Jin-Woo,Solo Leveling,557
159,Sakura Haruno,Naruto,483
160,Jeanne d'Arc (Alter),Fate/Grand Order,390
161,Itachi Uchiha,Naruto,583
162,Trollface,🤔,234
163,Bowsette,Super Crown,457
164,Ann Takamaki,Persona 5,393
165,Raven,Teen Titans,475
166,Maomao,Kusuriya no Hitorigoto,506
167,Kasane Teto,UTAU,450
168,Mori Calliope,hololive,438
169,Sonic the Hedgehog,Sonic the Hedgehog,498
170,Kagamine Rin,VOCALOID,432
171,Marceline,Adventure Time,425
172,Ichigo Kurosaki,BLEACH,532
173,Shadow the Hedgehog,Sonic Adventure 2,453
174,Noelle Silva,Black Clover,448
175,Ghostface,Scream,270
176,Makoto Niijima,Persona 5,397
177,Alice Synthesis Thirty,Sword Art Online,398
178,Bulma,Dragon Ball,459
179,Asa Mitaka,Chainsaw Man,372
180,Portgas D. Ace,One Piece,461
181,Fern,Sousou no Frieren,426
182,Krista Lenz,Attack on Titan,395
183,Yukino Yukinoshita,Yahari Ore no Seishun Love Comedy wa Machigatteiru.,458
184,Mewtwo,Pokédex,268
185,Hitagi Senjougahara,Monogatari,419
186,Kyouka Jirou,Boku no Hero Academia,392
187,Nanika,Hunter × Hunter,245
188,Yoru,Chainsaw Man,366
189,Homura Akemi,Mahou Shoujo Madoka☆Magica,427
190,Ruby Hoshino,【OSHI NO KO】,326
191,Ado,Utaite,394
192,Mary Saotome,Kakegurui,422
193,Yuta Okkotsu,Jujutsu Kaisen,451
194,Choso,Jujutsu Kaisen,438
195,Cha Hae-In,Solo Leveling,386
196,Spider-Man (Peter Parker),Marvel,483
197,Erina Nakiri,Shokugeki no Souma,462
198,Kakashi Hatake,Naruto,514
199,Vladilena Milizé,86 -Eighty Six-,361
200,Mina Ashido,Boku no Hero Academia,392
201,Inugami Korone,hololive,408
202,Midnight,Boku no Hero Academia,358
203,Tony Tony Chopper,One Piece,485
204,Phosphophyllite,Houseki no Kuni,332
205,Nazuna Nanakusa,Yofukashi no Uta,348
206,Kurapika,Hunter × Hunter,503
207,Jibril,No Game No Life,439
208,Android 18,Dragon Ball Z,360
209,Eris Boreas Greyrat,Mushoku Tensei,393
210,Ichigo,DARLING in the FRANXX,459
211,Vi,League of Legends,368
212,Harley Quinn (Harleen Quinzel),DC,331
213,Dante,Devil May Cry,449
214,Nejire Hadou,Boku no Hero Academia,360
215,Doge,🤔,301
216,Aigis,Persona 3,321
217,Inosuke Hashibira,Kimetsu no Yaiba,486
218,Akane Kurokawa,【OSHI NO KO】,282
219,Houshou Marine,hololive,355
220,Tanya Degurechaff,Youjo Senki,340
221,Light Yagami,Death Note,507
222,Mitsuha Miyamizu,Kimi no Na wa.,357
223,Raiden Shogun,Genshin Impact,515
224,Black Hanekawa,Monogatari,284
225,Tamaki Kotatsu,Enen no Shouboutai,416
226,Cloud Strife,Final Fantasy VII,414
227,Amelia Watson,hololive,384
228,Zenitsu Agatsuma,Kimetsu no Yaiba,476
229,Kana Arima,【OSHI NO KO】,300
230,Megurine Luka,VOCALOID,368
231,Rio Futaba,Seishun Buta Yarou,410
232,Mordred,Fate/Apocrypha,363
233,Howl,Howl's Moving Castle,446
234,Joseph Joestar,JoJo's Bizarre Adventure: Battle Tendency,488
235,Mew,Pokédex,249
236,Hoshimachi Suisei,hololive,333
237,Nao Tomori,Charlotte,401
238,Batman (Bruce Wayne),DC,446
239,No-Face,Spirited Away,207
240,Eevee,Pokédex,248
241,Gon Freecss,Hunter × Hunter,489
242,Momo Ayase,Dandadan,377
243,Orochimaru,Naruto,244
244,Koneko Toujou,High School DxD,363
245,Shizuku Murasaki,Hunter × Hunter,306
246,Armin Arlert,Attack on Titan,423
247,Nene Yashiro,Jibaku Shounen Hanako-kun,385
248,Ganyu,Genshin Impact,490
249,Perona,One Piece,335
250,Pieck Finger,Attack on Titan,339
251,Celestia Ludenberg,Danganronpa: Trigger Happy Havoc,388
252,Maka Albarn,Soul Eater,372
253,Faye Valentine,Cowboy Bebop,335
254,Yui Hirasawa,K-ON!,325
255,Yoko,Tengen Toppa Gurren Lagann,356
256,Dabi,Boku no Hero Academia,456
257,Casca,Berserk,347
258,Nanachi,Made in Abyss,310
259,Mine,Akame ga Kill!,370
260,Juvia Lockser,Fairy Tail,356
261,Kobayashi,Kobayashi-san Chi no Maid Dragon,325
262,Hana Uzaki,Uzaki-chan wa Asobitai!,325
263,Maki Oze,Enen no Shouboutai,351
264,Mt. Lady,Boku no Hero Academia,279
265,Elma,Kobayashi-san Chi no Maid Dragon,335
266,Raiden Mei,Honkai Impact 3rd,312
267,Nero,Black Clover,382
268,Elizabeth Liones,Nanatsu no Taizai,316
269,Sakura Matou,Fate/stay night,351
270,Kiana Kaslana,Honkai Impact 3rd,311
271,Kanae Kochou,Kimetsu no Yaiba,261
272,Aiz Wallenstein,Dungeon ni Deai wo Motomeru no wa Machigatteiru Darou ka,332
273,Nelliel Tu Odelschwanck,BLEACH,296
274,Trafalgar Law,One Piece,411
275,Ibuki Mioda,Danganronpa 2: Goodbye Despair,350
276,Toph Beifong,Avatar: The Last Airbender,344
277,Eri,Boku no Hero Academia,346
278,Rangiku Matsumoto,BLEACH,306
279,Mizuki Akiyama,Project SEKAI: Colorful Stage!,311
280,Caitlyn,League of Legends,286
281,Mash Kyrielight,Fate/Grand Order,301
282,Vaporeon,Pokédex,233
283,Revy,Black Lagoon,374
284,Xenovia Quarta,High School DxD,318
285,Nagito Komaeda,Danganronpa 2: Goodbye Despair,430
286,Furina,Genshin Impact,427
287,Shouyou Hinata,Haikyuu!!,434
288,Booette,Super Crown,340
289,Wiz,Kono Subarashii Sekai ni Shukufuku wo!,361
290,Ymir,Attack on Titan,290
291,Edward Elric,Fullmetal Alchemist,414
292,Kasumi Miwa,Jujutsu Kaisen,268
293,Spider-Gwen (Gwen Stacy),Marvel,254
294,Nero Claudius,Fate/EXTRA,304
295,Alice Nakiri,Shokugeki no Souma,347
296,Sylveon,Pokédex,207
297,Toge Inumaki,Jujutsu Kaisen,386
284,Rebecca,Cyberpunk: Edgerunners,327
299,Uta,One Piece Film: Red,261
300,Aerith Gainsborough,Final Fantasy VII,270
301,Chuuya Nakahara,Bungou Stray Dogs,406
302,Shinoa Hiiragi,Owari no Seraph,351
303,Mio Akiyama,K-ON!,301
304,Akaza,Kimetsu no Yaiba,353
305,Starfire,Teen Titans,306
306,Loki (Loki Laufeyson),Marvel,257
307,Rize Kamishiro,Tokyo Ghoul,267
308,Vegeta,Dragon Ball Z,454
309,Chitoge Kirisaki,Nisekoi,319
310,Wojak,🤔,167
311,Hawks,Boku no Hero Academia,396
312,Daki,Kimetsu no Yaiba,275
313,Princess Peach,Super Mario Bros.,279
314,Shalltear Bloodfallen,Overlord,326
315,Tengen Uzui,Kimetsu no Yaiba,378
316,Gunter,Adventure Time,183
317,Beatrice (RZ),Re:Zero kara Hajimeru Isekai Seikatsu,316
318,Arataka Reigen,Mob Psycho 100,363
319,TBH Creature,🤔,134
320,Leone,Akame ga Kill!,301
321,Stocking Anarchy,Panty & Stocking with Garterbelt,319
322,Hanako-kun,Jibaku Shounen Hanako-kun,409
323,Mirai Kuriyama,Kyoukai no Kanata,292
324,Destiny,{ tákt op. },261
325,Kirari Momobami,Kakegurui,279
326,Foo Fighters,JoJo's Bizarre Adventure: Stone Ocean,226
327,Kaoruko Waguri,Kaoru Hana wa Rin to Saku,300
328,Senko,Sewayaki Kitsune no Senko-san,330
329,Alluka Zoldyck,Hunter × Hunter,265
330,Shikimori-san,Kawaii dake ja Nai Shikimori-san,284
331,Holo,Ookami to Koushinryou,317
332,Mei Misaki,Another,267
333,Lelouch Lamperouge,Code Geass: Hangyaku no Lelouch,397
334,Nana Osaki,Nana,301
335,Nefertari Vivi,One Piece,252
336,Usada Pekora,hololive,318
337,Ellie,The Last of Us Part I,287
338,Rayquaza,Pokédex,212
339,Ereshkigal,Fate/Grand Order,281
340,Crewmate,Among Us,335
341,Mei Hatsume,Boku no Hero Academia,247
342,Osana Najimi,"Komi-san wa, Comyushou desu.",213
343,Schwi Dola,No Game No Life,273
344,Ryou Yamada,Bocchi the Rock!,268
345,Mahoraga,Jujutsu Kaisen,167
346,Shigeo Kageyama,Mob Psycho 100,384
347,Shirakami Fubuki,hololive,299
348,Usopp,One Piece,359
349,Rider,Fate/stay night,288
350,Ruka Sarashina,"Kanojo, Okarishimasu",302
351,Yunyun,Kono Subarashii Sekai ni Shukufuku wo!,307
352,Eru Chitanda,Hyouka,305
353,Chelsea,Akame ga Kill!,260
354,Winry Rockbell,Fullmetal Alchemist,331
355,Mashiro Shiina,Sakurasou no Pet na Kanojo,319
356,Hello Kitty,Hello Kitty,277
357,Mikan Tsumiki,Danganronpa 2: Goodbye Despair,294
358,Nekomata Okayu,hololive,290
359,Ino Yamanaka,Naruto,249
360,Mei Mei,Jujutsu Kaisen,246
361,Giorno Giovanna,JoJo's Bizarre Adventure: Golden Wind,389
362,Quanxi,Chainsaw Man,273
363,Elaina,Majo no Tabitabi,299
364,Krul Tepes,Owari no Seraph,308
365,Neco-Arc,Tsukihime,233
366,Alisa Mikhailovna Kujou,Tokidoki Bosotto Roshia-go de Dereru Tonari no Alya-san,267
367,Saitama,One Punch Man,410
368,Nico Yazawa,Love Live! School idol project,285
369,All Might,Boku no Hero Academia,350
370,Ninomae Ina'nis,hololive,290
371,Asta,Black Clover,403
372,Sumi Sakurasawa,"Kanojo, Okarishimasu",299
373,Star Platinum,JoJo's Bizarre Adventure: Stardust Crusaders,154
374,Ilulu,Kobayashi-san Chi no Maid Dragon,252
375,Arceus,Pokédex,178
376,Xiao,Genshin Impact,411
377,Monika,Doki Doki Literature Club!,377
378,Diane,Nanatsu no Taizai,282
379,Yae Miko,Genshin Impact,387
380,Sylphiette,Mushoku Tensei,277
381,Shanks,One Piece,344
382,Tohka Yatogami,Date A Live,294
383,Kuromi,My Melody,278
384,Azula,Avatar: The Last Airbender,306
385,Muichirou Tokitou,Kimetsu no Yaiba,332
386,Evangelion Unit-01,Neon Genesis Evangelion,154
387,Saiki Kusuo,Saiki Kusuo no Ψ Nan,365
388,Ririka Momobami,Kakegurui,239
389,Kiryu Coco,hololive,265
390,Emma,Yakusoku no Neverland,328
391,Umaru Doma,Himouto! Umaru-chan,257
392,Sebastian Michaelis,Black Butler,346
393,Eijirou Kirishima,Boku no Hero Academia,345
394,Josuke Higashikata,JoJo's Bizarre Adventure: Diamond Is Unbreakable,356
395,Gudetama,Gudetama,171
396,Miia,Monster Musume no Iru Nichijou,275
397,Brook,One Piece,332
398,Yuuki,Sword Art Online,252
399,GUMI,VOCALOID,298
400,Kagamine Len,VOCALOID,330
401,Satella,Re:Zero kara Hajimeru Isekai Seikatsu,222
402,Hibana,Enen no Shouboutai,264
403,Kirito,Sword Art Online,395
404,Fushi,Fumetsu no Anata e,233
405,Sephiroth,Final Fantasy VII,302
406,Eto,Tokyo Ghoul,277
407,Tobio Kageyama,Haikyuu!!,367
408,Iris,Enen no Shouboutai,258
409,Haru Okumura,Persona 5,244
410,Hisoka,Hunter × Hunter,372
390,Kim Dokja,Omniscient Reader's Viewpoint,350
412,Temari,Naruto,250
413,The Knight,Hollow Knight,246
414,Konan,Naruto,251
415,Atsuko Kagari,Little Witch Academia,252
416,Leafa,Sword Art Online,263
417,Ikuyo Kita,Bocchi the Rock!,223
418,Zhongli,Genshin Impact,391
419,Deadpool (Wade Wilson),Marvel,305
420,Mangle,Five Nights at Freddy's 2,179
421,Satsuki Kiryuuin,Kill la Kill,240
422,Suzune Horikita,Classroom of the Elite,279
423,Kenma Kozume,Haikyuu!!,351
424,Kushina Uzumaki,Naruto,213
425,Tsukasa Yuzaki,Tonikaku Kawaii,268
426,Shouta Aizawa,Boku no Hero Academia,333
427,Princess Bubblegum,Adventure Time,225
428,Riza Hawkeye,Fullmetal Alchemist,255
429,Pikachu (Species),Pokédex,124
430,Mikoto Misaka,Toaru,279
431,Katara,Avatar: The Last Airbender,267
432,Goro Akechi,Persona 5,298
433,Mirajane Strauss,Fairy Tail,265
434,Aang,Avatar: The Last Airbender,272
435,Azusa Nakano,K-ON!,231
436,Loid Forger,SPY×FAMILY,326
437,Mayuri Shiina,Steins;Gate,254
438,Stella Vermillion,Rakudai Kishi no Cavalry,267
439,Snorlax,Pokédex,161
440,Arlecchino,Genshin Impact,321
441,Kenjaku,Jujutsu Kaisen,121
442,Asia Argento,High School DxD,244
443,Grell Sutcliff,Black Butler,266
444,Pochita,Chainsaw Man,317
445,Tsumugi Kotobuki,K-ON!,235
446,Madara Uchiha,Naruto,336
447,Spider-Man (Miles Morales),Marvel,261
448,Korra,The Legend of Korra,248
449,Konata Izumi,Lucky☆Star,215
450,Angel Devil,Chainsaw Man,285
451,Blair,Soul Eater,228
452,Merlin,Nanatsu no Taizai,272
453,Alucard,Castlevania III: Dracula's Curse,267
454,Tsubasa Hanekawa,Monogatari,264
455,Illyasviel von Einzbern,Fate/stay night,235
456,Utahime Iori,Jujutsu Kaisen,189
457,Kanade Tachibana,Angel Beats!,264
458,Wise Mystical Tree,🤔,108
459,Mimikyu,Pokédex,161
460,Chisato Nishikigi,Lycoris Recoil,235
461,Tamayo,Kimetsu no Yaiba,203
462,Obanai Igurou,Kimetsu no Yaiba,288
463,Tooru Oikawa,Haikyuu!!,327
464,Milim Nava,Tensei shitara Slime Datta Ken,280
465,Kaede Azusagawa,Seishun Buta Yarou,239
466,Minato Aqua,hololive,235
467,Kirara Hoshi,Jujutsu Kaisen,134
468,Takanashi Kiara,hololive,228
469,Izumi Miyamura,Hori-san to Miyamura-kun,331
470,Mai Zenin,Jujutsu Kaisen,188
471,Yuki Tsukumo,Jujutsu Kaisen,193
472,Tomura Shigaraki,Boku no Hero Academia,284
473,Amy Rose,Sonic CD,202
474,Zuko,Avatar: The Last Airbender,322
475,Kafka,Honkai: Star Rail,334
476,Miko Iino,Kaguya-sama wa Kokurasetai,235
477,Jill Valentine,Resident Evil 1,232
478,Umbreon,Pokédex,174
479,Tartaglia,Genshin Impact,351
480,Lain Iwakura,Serial Experiments Lain,262
481,Carrot,One Piece,225
482,Lofi Girl,Lofi Girl,153
483,Jessie,Pokémon: Indigo League,199
484,Kuroka,High School DxD,214
485,Yui Yuigahama,Yahari Ore no Seishun Love Comedy wa Machigatteiru.,273
486,Spike Spiegel,Cowboy Bebop,290
487,Dawn,Pokémon Diamond/Pearl/Platinum,246
488,Envy,Fullmetal Alchemist,194
489,Rory Mercury,GATE,234
490,Venti,Genshin Impact,353
491,Lucy (EL),Elfen Lied,271
492,Shuna,Tensei shitara Slime Datta Ken,247
493,Rimuru Tempest,Tensei shitara Slime Datta Ken,352
494,Makoto Yuki,Persona 3,263
495,Nightwing (Dick Grayson),DC,264
496,Shoko Ieiri,Jujutsu Kaisen,190
497,Aoi Todo,Jujutsu Kaisen,260
498,Ouro Kronii,hololive,219
499,Uruha Rushia,hololive,239
500,Ruka Urushibara,Steins;Gate,184
501,Kiyoko Shimizu,Haikyuu!!,234
502,Gyro Zeppeli,JoJo's Bizarre Adventure: Steel Ball Run,303
503,Shinji Ikari,Neon Genesis Evangelion,292
504,Anna Nishikinomiya,Shimoneta to Iu Gainen ga Sonzai Shinai Taikutsu na Sekai,194
505,Midari Ikishima,Kakegurui,207
506,Nayuta,Chainsaw Man,176
507,Runa Yomozuki,Kakegurui,208
508,Tae Takemi,Persona 5,211
509,Bon Clay,One Piece,176
510,Charmander,Pokédex,172
511,Akiko Yosano,Bungou Stray Dogs,221
512,Yato,Noragami,337
513,Mitsuki Bakugou,Boku no Hero Academia,174
514,Fuyumi Todoroki,Boku no Hero Academia,168
515,Alucard (Hellsing),Hellsing,295
516,Kei Shirogane,Kaguya-sama wa Kokurasetai,216
517,Meme,ME!ME!ME!,203
518,Filo,Tate no Yuusha no Nariagari,263
519,Meowy,Chainsaw Man,155
520,Wanderer,Genshin Impact,316
521,Diamond,Houseki no Kuni,191
522,Franky,One Piece,275
523,Yae Sakura,Honkai Impact 3rd,211
524,Jonathan Joestar,JoJo's Bizarre Adventure: Phantom Blood,311
525,Johnny Joestar,JoJo's Bizarre Adventure: Steel Ball Run,299
526,Lisa Lisa,JoJo's Bizarre Adventure: Battle Tendency,240
527,Serena,Pokémon X/Y,229
528,Siesta,The Detective Is Already Dead,233
529,Mimosa Vermillion,Black Clover,217
530,Sheele,Akame ga Kill!,196
531,Nakiri Ayame,hololive,223
532,Mahito,Jujutsu Kaisen,259
533,KAITO,VOCALOID,279
534,Senkuu Ishigami,Dr. STONE,299
535,Chrollo Lucilfer,Hunter × Hunter,293
536,707,Mystic Messenger,305
537,Erwin Smith,Attack on Titan,268
538,Shion (TenSura),Tensei shitara Slime Datta Ken,210
539,9S,NieR: Automata,232
540,Camie Utsushimi,Boku no Hero Academia,184
541,Touko Fukawa,Danganronpa: Trigger Happy Havoc,212
542,Delta,Kage no Jitsuryokusha ni Naritakute!,247
543,Ranpo Edogawa,Bungou Stray Dogs,295
544,Irina Shidou,High School DxD,193
545,Peko Pekoyama,Danganronpa 2: Goodbye Despair,215
546,Kei Tsukishima,Haikyuu!!,287
547,Aoi Kanzaki,Kimetsu no Yaiba,150
548,Mami Tomoe,Mahou Shoujo Madoka☆Magica,241
549,Sanemi Shinazugawa,Kimetsu no Yaiba,247
550,Ruby Rose,RWBY,265
551,Yue,Arifureta Shokugyou de Sekai Saikyou,240
552,Ahri,League of Legends,296
553,Lady Nagant,Boku no Hero Academia,200
554,Misty,Pokémon Red/Green/Blue/Yellow,209
555,Soi Fon,BLEACH,204
556,My Melody,My Melody,220
557,Hiyori Iki,Noragami,236
558,Griffith,Berserk,275
559,Bishamon,Noragami,239
560,Sagiri Izumi,Eromanga-sensei,218
561,Eula,Genshin Impact,307
562,Rouge the Bat,Sonic Adventure 2,195
563,Ban,Nanatsu no Taizai,308
564,Chihiro Ogino,Spirited Away,192
565,Makio,Kimetsu no Yaiba,158
566,Aoi Asahina,Danganronpa: Trigger Happy Havoc,212
567,Bronya Zaychik,Honkai Impact 3rd,187
568,Suma,Kimetsu no Yaiba,155
569,Naoto Shirogane,Persona 4,223
570,Tooru Honda,Fruits Basket,231
571,Tier Harribel,BLEACH,202
572,Chiikawa,Chiikawa,150
573,Ceres Fauna,hololive,200
574,Shrek,Shrek,300
575,Funtime Foxy,Five Nights at Freddy's: Sister Location,129
576,Uraume,Jujutsu Kaisen,108
577,Natsu Dragneel,Fairy Tail,301
578,Ritsu Tainaka,K-ON!,192
579,Takagi-san,Karakai Jouzu no Takagi-san,213
580,Vanessa Enoteca,Black Clover,187
581,Kohaku,Dr. STONE,220
582,Saeko Busujima,Highschool of the Dead,212
583,Rei Hino,Pretty Soldier Sailor Moon,208
584,Manjirou Sano,Tokyo卍Revengers,304
585,Yona,Akatsuki no Yona,257
586,MEM-Cho,【OSHI NO KO】,155
587,Giratina,Pokédex,163
588,Miles Edgeworth,Phoenix Wright: Ace Attorney,240
589,Panty Anarchy,Panty & Stocking with Garterbelt,225
590,Nana Shimura,Boku no Hero Academia,162
591,Mitsuru Kirijo,Persona 3,199
592,Reimu Hakurei,Touhou Koumakyou ~ the Embodiment of Scarlet Devil,230
593,Seele Vollerei,Honkai Impact 3rd,196
594,Minako Aino,Pretty Soldier Sailor Moon,173
595,Mari Setagaya,Itadaki! Seieki♡,233
596,Dark Magician Girl,Yu-Gi-Oh! Trading Card Game,195
597,Nijika Ijichi,Bocchi the Rock!,189
598,Nadeko Sengoku,Monogatari,207
599,Gwen,Total Drama Island,207
600,Phoenix Wright,Phoenix Wright: Ace Attorney,235
601,Blackfire,Teen Titans,161
602,Machi Komachine,Hunter × Hunter,185
603,N,Pokémon Black/White,281
604,Earth-chan,Gijinka Series,202
605,Diluc,Genshin Impact,316
606,Denki Kaminari,Boku no Hero Academia,278
590,Han Sooyoung,Omniscient Reader's Viewpoint,222
608,Creeper,Minecraft,196
609,Yuu Nishinoya,Haikyuu!!,279
610,Vanilla,Nekopara,227
611,Tomoko Kuroki,Watashi ga Motenai no wa dō Kangaetemo Omaera ga Warui!,200
612,Ray (AoD),Angels of Death,202
613,Kallen Stadtfeld,Code Geass: Hangyaku no Lelouch,206
614,Gaara,Naruto,273
615,Shego,Kim Possible,188
616,Amber,Genshin Impact,269
617,Akane Owari,Danganronpa 2: Goodbye Despair,174
618,Chi-Chi,Dragon Ball,163
619,Haruka Tenou,Pretty Soldier Sailor Moon,162
620,Mereoleona Vermillion,Black Clover,203
621,Muzan Kibutsuji,Kimetsu no Yaiba,229
622,Son Gohan,Dragon Ball Z,290
623,Stephanie Dola,No Game No Life,191
624,Freddy Fazbear,Five Nights at Freddy's 1,217
625,Espeon,Pokédex,143
626,Xenomorph,Alien,136
627,Bayonetta,Bayonetta,263
628,Wendy Marvell,Fairy Tail,203
629,Tetsurou Kuroo,Haikyuu!!,270
630,Thorfinn,Vinland Saga,268
631,Roy Mustang,Fullmetal Alchemist,277
632,Osaka,Azumanga Daioh,188
633,Juuzou Suzuya,Tokyo Ghoul,257
634,Ciel Phantomhive,Black Butler,260
635,Makomo,Kimetsu no Yaiba,160
636,Origami Tobiichi,Date A Live,209
637,Isla,Plastic Memories,220
638,Sans,UNDERTALE,310
639,Acheron,Honkai: Star Rail,249
640,Hinatsuru,Kimetsu no Yaiba,143
641,Nanashi Mumei,hololive,201
642,Enderman,Minecraft,110
643,Le Monke,🤔,116
644,Yoichi Isagi,Blue Lock,265
645,Minato Namikaze,Naruto,261
646,Haruhi Suzumiya,Suzumiya Haruhi no Yuuutsu,207
647,Ryuk,Death Note,249
648,Ramona Flowers,Scott Pilgrim,197
649,Genos,One Punch Man,274
650,Okita Souji,Fate/KOHA-ACE,195
651,Sabo,One Piece,245
652,Yuri,Doki Doki Literature Club!,286
653,Miles 'Tails' Prower,Sonic the Hedgehog 2,214
654,Leorio Paladiknight,Hunter × Hunter,237
655,Luigi,Super Mario Bros.,253
656,Rin Okumura,Ao no Exorcist,258
657,Koutarou Bokuto,Haikyuu!!,252
658,Chocola,Nekopara,211
659,Inuyasha,InuYasha,255
660,Shirahoshi,One Piece,162
661,Ash Lynx,Banana Fish,259
662,Sōsuke Aizen,BLEACH,270
663,Death the Kid,Soul Eater,265
664,Karma Akabane,Assassination Classroom,278
665,Mavis Dracula,Hotel Transylvania,135
666,Nessa,Pokémon Sword/Shield,199
667,San,Princess Mononoke,198
668,Rise Kujikawa,Persona 4,183
669,Kaeya,Genshin Impact,287
670,Aira Shiratori,Dandadan,139
671,Tamamo no Mae,Fate/EXTRA,190
672,Noriaki Kakyoin,JoJo's Bizarre Adventure: Stardust Crusaders,259
673,Natsuki,Doki Doki Literature Club!,274
674,Vanitas,Vanitas no Carte,265
675,Alice Zuberg,Sword Art Online,165
676,Mario,Super Mario Bros.,270
677,Douma,Kimetsu no Yaiba,232
678,Kris,DELTARUNE,199
679,Hanabi Hyuuga,Naruto,172
680,Ghislaine Dedoldia,Mushoku Tensei,180
681,Miko Yotsuya,Mieruko-chan,191
682,Shylily,Independent Virtual YouTubers,176
683,Celty Sturluson,Durarara!!,196
684,Sayori,Doki Doki Literature Club!,271
685,Shizue Izawa,Tensei shitara Slime Datta Ken,175
686,Kurome,Akame ga Kill!,182
687,Lola Bunny,Space Jam,148
688,The World,JoJo's Bizarre Adventure: Stardust Crusaders,122
689,Genocider Syo,Danganronpa: Trigger Happy Havoc,178
690,Nana Komatsu,Nana,202
691,Tokoyami Towa,hololive,185
692,Arcueid Brunestud,Tsukihime,172
693,Inori Yuzuriha,Guilty Crown,212
694,Maika Sakuranomiya,Blend S,175
695,Yoshino,Date A Live,228
696,Neptune,Hyperdimension Neptunia,211
697,Kosaki Onodera,Nisekoi,199
698,Squirtle,Pokédex,124
699,Shishiro Botan,hololive,189
700,Tooru Hagakure,Boku no Hero Academia,156
701,Ami Mizuno,Pretty Soldier Sailor Moon,166
702,Vinsmoke Reiju,One Piece,170
703,Killer Queen,JoJo's Bizarre Adventure: Diamond Is Unbreakable,123
704,Akai Haato,hololive,177
705,Retsu Unohana,BLEACH,184
706,Gintoki Sakata,Gintama,239
707,Artoria Pendragon (Lancer),Fate/Grand Order,156
708,Yukari Takeba,Persona 3,172
709,Lugia,Pokédex,134
710,Kagome Higurashi,InuYasha,176
711,Shikanoko Noko,Shikanoko Nokonoko Koshitantan,163
712,Momo Belia Deviluke,To LOVE-Ru,203
713,Sayaka Maizono,Danganronpa: Trigger Happy Havoc,167
714,Seiko Ayase,Dandadan,173
715,Ryu Lion,Dungeon ni Deai wo Motomeru no wa Machigatteiru Darou ka,191
716,Yoshikage Kira,JoJo's Bizarre Adventure: Diamond Is Unbreakable,251
717,SpongeBob SquarePants,SpongeBob SquarePants,247
718,Ivan,ALIEN STAGE,248
719,Fluttershy,My Little Pony: Friendship Is Magic,217
720,Tamaki Amajiki,Boku no Hero Academia,246
721,Morgiana,Magi,222
722,Sakuya Izayoi,Touhou Koumakyou ~ the Embodiment of Scarlet Devil,223
723,Rindou Kobayashi,Shokugeki no Souma,193
724,Hakos Baelz,hololive,172
725,Kotori Itsuka,Date A Live,195
726,Claire Redfield,Resident Evil 2,179
727,Kaedehara Kazuha,Genshin Impact,269
728,Mio Naruse,Shinmai Maou no Testament,195
729,Trish Una,JoJo's Bizarre Adventure: Golden Wind,182
730,Emu Otori,Project SEKAI: Colorful Stage!,224
731,William Afton,Five Nights at Freddy's 2,187
732,Lisa,Genshin Impact,254
733,Darth Vader,Star Wars Original Trilogy,224
734,Glaceon,Pokédex,139
735,Rossweisse,High School DxD,180
736,Pain,Naruto,237
737,Seishiro Nagi,Blue Lock,236
738,Knuckles the Echidna,Sonic the Hedgehog 3,190
739,Finn,Adventure Time,224
740,Super Sonico,Nitroplus Mascots,173
741,Evangelion Unit-02,Neon Genesis Evangelion,103
742,Aether,Genshin Impact,219
743,Albedo (GI),Genshin Impact,241
744,Kaworu Nagisa,Neon Genesis Evangelion,235
745,The Joker,DC,185
746,Yoriichi Tsugikuni,Kimetsu no Yaiba,186
747,Polish Cow,🤔,82
748,Murata Himeko,Honkai Impact 3rd,160
749,2D,Gorillaz,182
750,Pyro,Team Fortress 2,143
751,Ryuunosuke Akutagawa,Bungou Stray Dogs,228
752,Mako Mankanshoku,Kill la Kill,194
753,Firefly,Honkai: Star Rail,221
754,Chel,The Road to El Dorado,145
755,Ikumi Mito,Shokugeki no Souma,172
756,Ayane Shirakawa,Overflow ~Iretara Afureru Shimai no Kimochi~,198
757,Scarlet Witch (Wanda Maximoff),Marvel,187
758,Hanami,Jujutsu Kaisen,110
759,Kokushibou,Kimetsu no Yaiba,209
760,Hua Cheng,Tian Guan Ci Fu,247
761,Ditto,Pokédex,134
762,Senpai (TS),Tejina-senpai,167
763,Keqing,Genshin Impact,260
764,Komi Shuuko,"Komi-san wa, Comyushou desu.",121
765,Rika Orimoto,Jujutsu Kaisen,131
766,Gilgamesh,Fate/stay night,258
767,Lumine,Genshin Impact,239
768,Frederica Baumann,Re:Zero kara Hajimeru Isekai Seikatsu,138
769,Arthur Morgan,Red Dead Redemption 2,232
770,Aki Adagaki,Masamune-kun no Revenge,167
771,Koro-sensei,Assassination Classroom,228
772,Mahiru Shiina,Otonari no Tenshi-sama ni Itsu no Ma ni ka Dame Ningen ni Sareteita Ken,193
773,Carnage,Marvel,136
774,MEIKO,VOCALOID,196
775,Meiko Honma,Anohana: The Flower We Saw That Day,177
776,The Hollow Knight,Hollow Knight,162
777,Gyoumei Himejima,Kimetsu no Yaiba,183
778,Ironmouse,Independent Virtual YouTubers,190
779,Cinnamoroll,Cinnamoroll,199
780,Shouya Ishida,Koe no Katachi,202
781,Tet,No Game No Life,151
782,Kamisato Ayaka,Genshin Impact,249
783,Pikachu,Pokémon: Indigo League,268
784,Rei Miyamoto,Highschool of the Dead,148
785,Flame Princess,Adventure Time,147
786,Takina Inoue,Lycoris Recoil,175
787,Frisk,UNDERTALE,191
788,Kizuna AI,Kizuna AI Inc.,173
789,Narberal Gamma,Overlord,176
790,Atsushi Nakajima,Bungou Stray Dogs,220
791,Levy McGarden,Fairy Tail,178
792,Bambietta Basterbine,BLEACH,145
793,GIR,Invader Zim,157
794,Chara,UNDERTALE,204
795,Lala Satalin Deviluke,To LOVE-Ru,189
796,Bruno Bucciarati,JoJo's Bizarre Adventure: Golden Wind,228
797,Sarada Uchiha,Boruto: Naruto Next Generations,157
798,Misaki Ayuzawa,Kaichou wa Maid-sama!,184
799,Yami Yugi,Yu-Gi-Oh! Duel Monsters,187
800,Lust,Fullmetal Alchemist,174
801,SCP-049,SCP Foundation,141
802,Soul Eater Evans,Soul Eater,233
803,Alphonse Elric,Fullmetal Alchemist,228
804,Irina Jelavić,Assassination Classroom,171
805,Ciri,The Witcher,172
806,Sanic,🤔,156
807,Akira Fudou,Devilman,205
808,Obito Uchiha,Naruto,232
809,Legosi,BEASTARS,245
810,Mona,Genshin Impact,252
811,Tomo Aizawa,Tomo-chan wa Onnanoko!,158
812,Jessica Rabbit,Who Framed Roger Rabbit,136
813,D.Va,Overwatch,232
814,Ookami Mio,hololive,174
815,Angel-chan,NEEDY GIRL OVERDOSE,190
816,Veliona,Honkai Impact 3rd,151
817,Alastor,Hazbin Hotel,230
818,Videl,Dragon Ball Z,171
819,Mei Terumi,Naruto,134
820,Shirogane Noel,hololive,172
821,Yui (SAO),Sword Art Online,162
822,Mavis Vermillion,Fairy Tail,174
823,Twilight Sparkle,My Little Pony: Friendship Is Magic,178
824,Übel,Sousou no Frieren,161
825,Rika Kawai,Wonder Egg Priority,188
826,Alhaitham,Genshin Impact,224
827,Natsumi,Date A Live,169
828,Sophie Hatter,Howl's Moving Castle,164
829,Subaru Natsuki,Re:Zero kara Hajimeru Isekai Seikatsu,245
830,Ponyo,Ponyo,187
831,Abigail Jones,Great Pretender,142
832,Spider Demon (Mother),Kimetsu no Yaiba,132
833,Foxy,Five Nights at Freddy's 1,192
834,Rin Nohara,Naruto,127
835,Sonia Nevermind,Danganronpa 2: Goodbye Despair,186
836,Marcille Donato,Dungeon Meshi,187
837,AE3803,Hataraku Saibou,135
838,Koushi Sugawara,Haikyuu!!,221
839,Gigachad,🤔,148
840,Jewelry Bonney,One Piece,144
841,Yumemi Yumemite,Kakegurui,146
842,Megumi Tadokoro,Shokugeki no Souma,180
843,Biscuit Krueger,Hunter × Hunter,165
844,Seras Victoria,Hellsing,186
845,Caesar A. Zeppeli,JoJo's Bizarre Adventure: Battle Tendency,203
846,Pomni,The Amazing Digital Circus,176
847,Poison Ivy (Pamela Isley),DC,168
848,Princess of Klaxosaurs,DARLING in the FRANXX,151
849,Nagisa Shiota,Assassination Classroom,226
850,Arataki Itto,Genshin Impact,235
851,Elsa,Frozen,161
852,Jeanne,Vanitas no Carte,182
853,Erza Knightwalker,Fairy Tail,118
854,Sakura Miko,hololive,175
855,The Giant Rat That Makes All of the Rules,Rat Movie,146
856,Fami,Chainsaw Man,141
857,Chie Satonaka,Persona 4,174
858,Akita Neru,Fanloid,147
859,Pepe,🤔,203
860,Star Butterfly,Star vs. the Forces of Evil,159
861,Meruccubus,Meru The Succubus,174
862,Kurenai Yuuhi,Naruto,123
863,Sawako Kuronuma,Kimi ni Todoke,186
864,Lady,Devil May Cry 3: Dante's Awakening,168
865,May,Pokémon Ruby/Sapphire/Emerald,184
866,Coraline Jones,Coraline,163
867,Kei Karuizawa,Classroom of the Elite,172
868,Ayame Kajou,Shimoneta to Iu Gainen ga Sonzai Shinai Taikutsu na Sekai,155
869,Loona,Helluva Boss,188
870,Fiona Frost,SPY×FAMILY,133
871,Freya,Dungeon ni Deai wo Motomeru no wa Machigatteiru Darou ka,162
872,Vermeil,Kinsou no Vermeil: Gakeppuchi Majutsushi wa Saikyou no Yakusai to Mahou Sekai wo Tsukisusumu,168
873,Ahsoka Tano,Star Wars: The Clone Wars,158
874,Kanade Yoisaki,Project SEKAI: Colorful Stage!,192
875,Jean,Genshin Impact,234
876,Iron Man (Tony Stark),Marvel,208
877,Jean Kirstein,Attack on Titan,194
878,Reshiram,Pokédex,128
879,Tsunomaki Watame,hololive,172
880,Morgan,Fate/Grand Order,146
881,Rainbow Dash,My Little Pony: Friendship Is Magic,190
882,Xie Lian,Tian Guan Ci Fu,224
883,Bowser,Super Mario Bros.,186
884,Sakura Kinomoto,Cardcaptor Sakura,189
885,Ryuji Sakamoto,Persona 5,207
886,Toothless,How To Train Your Dragon,189
887,Tomoe Koga,Seishun Buta Yarou,157
888,Oozora Subaru,hololive,168
889,Aventurine,Honkai: Star Rail,214
890,Akari Watanabe,"Fuufu Ijou, Koibito Miman.",168
891,Bulbasaur,Pokédex,121
892,Totoro,My Neighbor Totoro,194
893,Mikaela Hyakuya,Owari no Seraph,230
894,Zack,Angels of Death,212
895,Vash the Stampede,Trigun,203
896,Silica,Sword Art Online,155
928,Yoo Joonghyuk,Omniscient Reader's Viewpoint,211
898,Hinata Tachibana,Tokyo卍Revengers,177
899,Sayu Ogiwara,Hige wo Soru. Soshite Joshikosei wo Hiro.,181
900,Yui,Angel Beats!,185
901,Jake,Adventure Time,207
902,IA,VOCALOID,175
903,Quinella,Sword Art Online,149
904,Sword Maiden,Goblin Slayer,149
905,Yelan,Genshin Impact,230
906,Reki Kyan,SK∞,219
907,Ash Ketchum,Pokémon: Indigo League,190
908,Reiner Braun,Attack on Titan,196
909,Adult Neptune,Megadimension Neptunia VII,115
910,Suzuha Amane,Steins;Gate,162
911,Collei,Genshin Impact,146
912,Yuki Nagato,Suzumiya Haruhi no Yuuutsu,190
913,Aoi Akane,Jibaku Shounen Hanako-kun,165
914,Helen Parr,The Incredibles,124
915,Kikuri Hiroi,Bocchi the Rock!,146
916,Kokoro,DARLING in the FRANXX,145
917,Kyouka Izumi,Bungou Stray Dogs,175
918,Kefla,Dragon Ball Super,157
919,Till,ALIEN STAGE,218
920,Pinkie Pie,My Little Pony: Friendship Is Magic,179
921,Mai,Avatar: The Last Airbender,178
922,Kim Possible,Kim Possible,139
923,Ainz Ooal Gown,Overlord,213
924,Kaho Hinata,Blend S,146
925,Rebecca (OP),One Piece,132
926,Kagura,Gintama,174
927,Jinbe,One Piece,199
928,Izuna Hatsuse,No Game No Life,153
929,Crusch Karsten,Re:Zero kara Hajimeru Isekai Seikatsu,148
930,Silver the Hedgehog,Sonic the Hedgehog (2006),167
931,Enkidu,Fate/strange Fake,145
932,Shikamaru Nara,Naruto,212
933,Hitoshi Shinsou,Boku no Hero Academia,197
934,James,Pokémon: Indigo League,178
935,Tashigi,One Piece,137
936,Charlie Morningstar,Hazbin Hotel,158
937,Beidou,Genshin Impact,232
938,Fu Hua,Honkai Impact 3rd,169
939,Rui Tachibana,Domestic na Kanojo,179
940,Konjiki no Yami,To LOVE-Ru,186
941,Kyuubey,Mahou Shoujo Madoka☆Magica,128
942,Steve,Minecraft,220
943,Elysia,Honkai Impact 3rd,204
944,Fischl,Genshin Impact,222
945,Yami Sukehiro,Black Clover,220
946,Wonder Woman (Diana Prince),DC,150
947,Mirio Togata,Boku no Hero Academia,202
948,Mari Makinami Illustrious,Rebuild of Evangelion,130
949,Marinette Dupain-Cheng,Miraculous: Tales of Ladybug & Cat Noir,166
950,Nemu Kurotsuchi,BLEACH,129
951,Ami Kawashima,Toradora!,140
952,Blue-Eyes White Dragon,Yu-Gi-Oh! Duel Monsters,136
953,Aqua Hoshino,【OSHI NO KO】,186
954,Meguru Bachira,Blue Lock,215
955,Marnie,Pokémon Sword/Shield,173
956,Lapis Lazuli,Steven Universe,172
957,Slender Man,Creepypasta,163
958,Ty Lee,Avatar: The Last Airbender,172
959,Koala,One Piece,139
960,Yoimiya,Genshin Impact,218
961,Billie Eilish,Solo Western Musicians,142
962,Amelie Azazel,Mairimashita! Iruma-kun,164
963,Tenten,Naruto,162
964,Haruhi Fujioka,Ouran High School Host Club,194
965,Maki Nishikino,Love Live! School idol project,172
966,Jiraiya,Naruto,198
967,Sadayo Kawakami,Persona 5,149
968,Usagi,Chiikawa,124
969,Langa Hasegawa,SK∞,209
970,Tsubaki Nakatsukasa,Soul Eater,148
971,Leafeon,Pokédex,130
972,Bonnie,Five Nights at Freddy's 1,163
973,Hajime Hinata,Danganronpa 2: Goodbye Despair,206
974,Genya Shinazugawa,Kimetsu no Yaiba,167
975,Grimmjow Jaegerjaquez,BLEACH,191
976,Cinnabar,Houseki no Kuni,146
977,Atsumu Miya,Haikyuu!!,190
978,Michiru Kagemori,BNA: Brand New Animal,173
979,Sae Niijima,Persona 5,150
980,Alpha,Kage no Jitsuryokusha ni Naritakute!,178
981,Mafuyu Asahina,Project SEKAI: Colorful Stage!,189
982,Sabito,Kimetsu no Yaiba,188
983,Sangonomiya Kokomi,Genshin Impact,211
984,Beta,Kage no Jitsuryokusha ni Naritakute!,168
985,Adrien Agreste,Miraculous: Tales of Ladybug & Cat Noir,186
986,Rock Lee,Naruto,202
987,Fionna,Adventure Time,139
988,Elaine,Nanatsu no Taizai,145
989,Joel,The Last of Us Part I,184
990,Blaze the Cat,Sonic Rush,154
991,Kureiji Ollie,hololive,149
992,Toyomi Fujiwara,Kaguya-sama wa Kokurasetai,107
993,Chica,Five Nights at Freddy's 1,139
994,Tomoe,Kamisama Hajimemashita,219
995,Guido Mista,JoJo's Bizarre Adventure: Golden Wind,198
996,Vivy,Vivy -Fluorite Eye's Song-,181
997,Red Hood (Jason Todd),DC,189
998,Catwoman (Selina Kyle),DC,152
999,Shiki Ryougi,Kara no Kyoukai: The Garden of Sinners,157
1000,Gogeta,Dragon Ball Z: Fusion Reborn,190
9508,Audrey Hall,Lord of the Mysteries,0
14017,Fors Wall,Lord of the Mysteries,0
12089,Evernight Goddess,Lord of the Mysteries,0
5272,Klein Moretti,Lord of the Mysteries,0
1353,Ranni,ELDEN RING,0
1140,Rosalina,Super mario galaxy,0
6883,Nekomata,zenless zone zero,0
7932,MAYU,VOCALOID,0
2033,Xianyun,Genshin Impact,0
12619,Hiori Kazano,THE iDOLM@STER Shiny Colors,0
1548,Riyo,Gachiakuta,0
5582,Kitsune Saiguu,Genshin Impact,0
5427,Adam Smasher,Cyberpunk 2077,0
8413,Lauma,Genshin Impact,0
10317,Dorio,Cyberpunk: Edgerunners,0
8887,Maine,Cyberpunk: Edgerunners,0
2570,Kiwi,Cyberpunk: Edgerunners,0
2125,Kuki Shinobu,Genshin Impact,0
1359,Michiru Kaiou,Pretty Soldier Sailor Moon,0
1303,Ushiwakamaru,Fate/Grand Order,0
1317,Semiramis,Fate/Apocrypha,0
964,David Martinez,Cyberpunk: Edgerunners,0
3053,Fujiwara no Mokou,Touhou Eiyashou ~ Imperishable Night,0
10503,Trissy,Lord of the Mysteries,0
12397,Leonard Mitchell,Lord of the Mysteries,0
13846,Amon (LoM),Lord of the Mysteries,0
21182,Medici (LoM),Lord of the Mysteries,0
22422,Alger Wilson,Lord of the Mysteries,0
22691,Emlyn White,Lord of the Mysteries,0
23524,Sharron,Lord of the Mysteries,0
24182,Ouroboros (LoM),Lord of the Mysteries,0
26589,Cattleya (LoM),Lord of the Mysteries,0
29317,Arrodes,Lord of the Mysteries,0
29331,Reinette Tinekerr,Lord of the Mysteries,0
35437,Daly Simone,Lord of the Mysteries,0
37227,Royale Reideen,Lord of the Mysteries,0
38943,Xio Derecha,Lord of the Mysteries,0
40626,Melissa Moretti,Lord of the Mysteries,0
41516,Elizabeth (LoM),Lord of the Mysteries,0
41823,Danitz,Lord of the Mysteries,0
44278,Bernadette Gustav,Lord of the Mysteries,0
44488,True Creator,Lord of the Mysteries,0
44496,Derrick Berg,Lord of the Mysteries,0
45267,Susie (LoM),Lord of the Mysteries,0
50339,Anderson Hood,Lord of the Mysteries,0
50831,Dunn Smith,Lord of the Mysteries,0
53342,Benson Moretti,Lord of the Mysteries,0
53514,Rozanne,Lord of the Mysteries,0
57160,Seeka Tron,Lord of the Mysteries,0
60073,Edwina Edwards,Lord of the Mysteries,0
66194,Azik Eggers,Lord of the Mysteries,0
67311,Viscount Glaint,Lord of the Mysteries,0
73240,Colin Iliad,Lord of the Mysteries,0
76238,Old Neil,Lord of the Mysteries,0
82678,Will Auceptin,Lord of the Mysteries,0
88736,Frank Lee,Lord of the Mysteries,0
91708,Roselle Gustav,Lord of the Mysteries,0
94835,Frye (LoM),Lord of the Mysteries,0
99945,Ademisaul,Lord of the Mysteries,0
101124,Adam (LoM),Lord of the Mysteries,0
105765,Ince Zangwill,Lord of the Mysteries,0
110118,Cohinem,Lord of the Mysteries,0
110799,Father Utravsky,Lord of the Mysteries,0
20749,Franca Roland,Lord of Mysteries 2: Circle of Inevitability,0
31245,Jenna (LoM),Lord of Mysteries 2: Circle of Inevitability,0
57470,Aurore Lee,Lord of Mysteries 2: Circle of Inevitability,0
58679,Lumian Lee,Lord of Mysteries 2: Circle of Inevitability,0
3433,Gloria Martinez,Cyberpunk: Edgerunners,0
4481,Sasha Yakovleva,Cyberpunk: Edgerunners,0
17958,Pilar,Cyberpunk: Edgerunners,0
22827,Faraday,Cyberpunk: Edgerunners,0
23671,Falco (CP),Cyberpunk: Edgerunners,0
36348,James Norris,Cyberpunk: Edgerunners,0
52947,Doc (CP),Cyberpunk: Edgerunners,0
57083,Julio (CP),Cyberpunk: Edgerunners,0
87711,Katsuo Tanaka,Cyberpunk: Edgerunners,0
90145,Jimmy Kurosaki,Cyberpunk: Edgerunners,0
1431,Lee Jihye,Omniscient Reader's Viewpoint,0
2237,Demon,like Judge of Fire  - Omniscient Reader's Viewpoint,0
2734,Yoo Sangah,Omniscient Reader's Viewpoint,0
3686,Jung Heewon,Omniscient Reader's Viewpoint,0
4319,Abyssal Black Flame Dragon,Omniscient Reader's Viewpoint,0
5483,Prisoner of the Golden Headband,Omniscient Reader's Viewpoint,0
5556,Secretive Plotter,Omniscient Reader's Viewpoint,0
5570,Nirvana Moebius,Omniscient Reader's Viewpoint,0
6152,Queen of the Darkest Spring,Omniscient Reader's Viewpoint,0
6670,Lee Seolhwa,Omniscient Reader's Viewpoint,0
6970,Yoo Mia,Omniscient Reader's Viewpoint,0
8004,Kyrgios Rodgraim,Omniscient Reader's Viewpoint,0
8101,Lee Hyunsung,Omniscient Reader's Viewpoint,0
8328,Lee Gilyoung,Omniscient Reader's Viewpoint,0
9647,Father of the Rich Night,Omniscient Reader's Viewpoint,0
10126,Shin Yoosung,Omniscient Reader's Viewpoint,0
12497,Jang Hayoung,Omniscient Reader's Viewpoint,0
12653,Bihyung,Omniscient Reader's Viewpoint,0
12737,Biyoo,Omniscient Reader's Viewpoint,0
14650,Kim Namwoon,Omniscient Reader's Viewpoint,0
15089,Fourth Wall (ORV),Omniscient Reader's Viewpoint,0
15270,Lee Hakhyun,Omniscient Reader's Viewpoint,0
17032,Lee Sookyung,Omniscient Reader's Viewpoint,0
18531,Anna Croft,Omniscient Reader's Viewpoint,0
18745,Scribe of Heaven,Omniscient Reader's Viewpoint,0
20541,Min Jiwon,Omniscient Reader's Viewpoint,0
21992,Jung Youngho,Omniscient Reader's Viewpoint,0
22936,Han Donghoon,Omniscient Reader's Viewpoint,0
23004,Asuka Ren,Omniscient Reader's Viewpoint,0
23436,Goryeo's First Sword,Omniscient Reader's Viewpoint,0
23546,Devil of Lust and Wrath,Omniscient Reader's Viewpoint,0
25027,Breaking the Sky Sword Saint,Omniscient Reader's Viewpoint,0
29008,Han Myungoh,Omniscient Reader's Viewpoint,0
32992,Lily Blooming in Aquarius,Omniscient Reader's Viewpoint,0
35759,Apostle IV,Omniscient Reader's Viewpoint,0
36255,Mark Javier,Omniscient Reader's Viewpoint,0
40137,Eileen Makerfield,Omniscient Reader's Viewpoint,0
42632,Lycaon Isparang,Omniscient Reader's Viewpoint,0
47913,Cheon Inho,Omniscient Reader's Viewpoint,0
49840,Paul (ORV),Omniscient Reader's Viewpoint,0
54891,Gong Pildu,Omniscient Reader's Viewpoint,0
59141,Dokgak,Omniscient Reader's Viewpoint,0
80603,Jung Minseob,Omniscient Reader's Viewpoint,0
84158,Lee Sungkook,Omniscient Reader's Viewpoint,0
24103,Gu Yue Fang Yuan,Reverend Insanity,0
76793,Bai Ning Bing,Reverend Insanity,0
94647,Gu Yue Fang Zheng,Reverend Insanity,0
12777,Sunless,Shadow Slave,0
15725,Nephis,Shadow Slave,0
29545,Cassie (SS),Shadow Slave,0
31615,Effie (SS),Shadow Slave,0
46601,Kai (SS),Shadow Slave,0
1490,Flandre Scarlet,Touhou Koumakyou ~ the Embodiment of Scarlet Devil,0
4578,Ran Yakumo,Touhou Youyoumu ~ Perfect Cherry,0
4614,Alice Margatroid,Touhou Youyoumu ~ Perfect Cherry,0
8737,Tenshi Hinanawi,Touhou Hisouten ~ Scarlet Weather,0
7249,Chen,Touhou Youyoumu ~ Perfect Cherry,0
1216,Marisa Kirisame,Touhou Koumakyou ~ the Embodiment of Scarlet Devil,0
11882,Kanako Yasaka,Touhou Fuujinroku ~ Mountain of Faith,0
6940,suika ibuki,Touhou Suimusou ~ Immaterial and Missing Power,0
5559,Hong Meiling,Touhou Koumakyou ~ the Embodiment of Scarlet Devil,0
11344,Eirin Yagokoro,Touhou Eiyashou ~ Imperishable Night,0
2435,Aya Maruyama,BanG Dream!,0
2611,Still in Love,Umamusume,0
571,Agnes Tachyon,Umamusume,0
1303,Remilia Scarlet,Touhou Koumakyou ~ the Embodiment of Scarlet Devil,0
7228,Clownpiece,Touhou Kanjuden ~ Legacy of Lunatic Kingdom,0
5291,Aya Shameimaru,Touhou Kaeizuka ~ Phantasmagoria of Flower View,0
8226,Kaguya Houraisan,Touhou Eiyashou ~ Imperishable Night,0
6472,Koakuma,Touhou Koumakyou ~ the Embodiment of Scarlet Devil,0
3164,Reisen Udongein Inaba,Touhou Eiyashou ~ Imperishable Night,0
12965,Hina Kagiyama,Touhou Fuujinroku ~ Mountain of Faith,0
8814,Tewi Inaba,Touhou Eiyashou ~ Imperishable Night,0
1545,Patchouli Knowledge,Touhou Koumakyou ~ the Embodiment of Scarlet Devil,0
973,Columbina,Genshin Impact,0
1871,Serie,Sousou no Frieren,0
2960,Kaine,NieR,0
1080,Chun-li,Street Fighter II,0
1576,Yanfei,Genshin Impact,0
13211,Recluse,ELDEN RING NIGHTREIGN,0
1730,Rintarou Okabe,Steins;Gate,0
7912,Galbrena,wuthering waves,0
4288,Carol Olston,Tomo-chan wa Onnanoko!,0
1095,Gardevoir,Pokédex,0
15428,Daiyousei,Touhou Koumakyou ~ the Embodiment of Scarlet Devil,0
15158,Mystia Lorelei,Touhou Eiyashou ~ Imperishable Night,0
11845,Eiki Shiki,Touhou Kaeizuka ~ Phantasmagoria of Flower View,0
26756,Mamizou Futatsuiwa,Touhou Shinreibyou ~ Ten Desires,0
2508,changli,wuthering waves,0
2690,Yun Jin,Genshin Impact,0
1836,La Signora,Genshin Impact,0
14971,Komachi Onozuka,Touhou Kaeizuka ~ Phantasmagoria of Flower View,0
2441,Yukari Yakumo,Touhou Youyoumu ~ Perfect Cherry Blossom,0
15162,Seija Kijin,Touhou Kishinjou ~ Double Dealing Character,0
12766,Byakuren Hijiri,Touhou Seirensen ~ Undefined Fantastic Object,0
6277,Erika,Pokémon Red/Green/Blue/Yellow,0
8097,Nitori Kawashiro,Touhou Fuujinroku ~ Mountain of Faith,0
3465,Youmu Konpaku,Touhou Youyoumu ~ Perfect Cherry Blossom,0
1114,Cirno,Touhou Koumakyou ~ the Embodiment of Scarlet Devil,0
19178,Okina Matara,Touhou Tenkuushou ~ Hidden Star in Four Seasons,0
